pu_location_id,pair,pearson_r,n_obs
7,lag_168_vs_lag_336,0.8873549150427894,4584
7,lag_168_vs_lag_504,0.8676265528241017,4584
7,lag_336_vs_lag_504,0.8683555917800694,4584
17,lag_168_vs_lag_336,0.9060366205235724,4584
17,lag_168_vs_lag_504,0.8881381416672737,4584
17,lag_336_vs_lag_504,0.890935762346841,4584
36,lag_168_vs_lag_336,0.9358676083644624,4584
36,lag_168_vs_lag_504,0.9087465691184132,4584
36,lag_336_vs_lag_504,0.9107923528331826,4584
37,lag_168_vs_lag_336,0.9229306425016608,4584
37,lag_168_vs_lag_504,0.8813571146492296,4584
37,lag_336_vs_lag_504,0.8875052857350231,4584
39,lag_168_vs_lag_336,0.9239672850054464,4584
39,lag_168_vs_lag_504,0.9163635712803938,4584
39,lag_336_vs_lag_504,0.9180236376525196,4584
41,lag_168_vs_lag_336,0.9219124293091764,4584
41,lag_168_vs_lag_504,0.91070793053308,4584
41,lag_336_vs_lag_504,0.9106211613491878,4584
42,lag_168_vs_lag_336,0.9216875158802512,4584
42,lag_168_vs_lag_504,0.9073506264466862,4584
42,lag_336_vs_lag_504,0.9108941715691108,4584
48,lag_168_vs_lag_336,0.8897246008058107,4584
48,lag_168_vs_lag_504,0.8698098352179948,4584
48,lag_336_vs_lag_504,0.8733361382062043,4584
61,lag_168_vs_lag_336,0.9390641864332094,4584
61,lag_168_vs_lag_504,0.9187093745980924,4584
61,lag_336_vs_lag_504,0.9248614455782438,4584
68,lag_168_vs_lag_336,0.9086615324996634,4584
68,lag_168_vs_lag_504,0.8909528421766477,4584
68,lag_336_vs_lag_504,0.8979911634696561,4584
74,lag_168_vs_lag_336,0.9240022685984132,4584
74,lag_168_vs_lag_504,0.9105061642247596,4584
74,lag_336_vs_lag_504,0.9136743703087604,4584
76,lag_168_vs_lag_336,0.935057193207442,4584
76,lag_168_vs_lag_504,0.9264228038822756,4584
76,lag_336_vs_lag_504,0.928749699300616,4584
79,lag_168_vs_lag_336,0.9363117479474392,4584
79,lag_168_vs_lag_504,0.9264574301764406,4584
79,lag_336_vs_lag_504,0.9230234150798876,4584
80,lag_168_vs_lag_336,0.8651068851321124,4584
80,lag_168_vs_lag_504,0.8642703129078095,4584
80,lag_336_vs_lag_504,0.8455644722107892,4584
82,lag_168_vs_lag_336,0.85853317109123,4584
82,lag_168_vs_lag_504,0.8484943040587614,4584
82,lag_336_vs_lag_504,0.8480279754942953,4584
89,lag_168_vs_lag_336,0.9066763368344491,4584
89,lag_168_vs_lag_504,0.9002834241201801,4584
89,lag_336_vs_lag_504,0.8995610635057142,4584
90,lag_168_vs_lag_336,0.8839935744903593,4584
90,lag_168_vs_lag_504,0.8684320740539127,4584
90,lag_336_vs_lag_504,0.8671705148086416,4584
95,lag_168_vs_lag_336,0.8957423245589385,4584
95,lag_168_vs_lag_504,0.8941731501073015,4584
95,lag_336_vs_lag_504,0.904852508282694,4584
97,lag_168_vs_lag_336,0.8693373370432781,4584
97,lag_168_vs_lag_504,0.8691613797759997,4584
97,lag_336_vs_lag_504,0.8665118211444259,4584
107,lag_168_vs_lag_336,0.9039945804021452,4584
107,lag_168_vs_lag_504,0.8892654951539316,4584
107,lag_336_vs_lag_504,0.885286976755521,4584
112,lag_168_vs_lag_336,0.8819763689214015,4584
112,lag_168_vs_lag_504,0.881743525756881,4584
112,lag_336_vs_lag_504,0.8699892286326861,4584
129,lag_168_vs_lag_336,0.8708008683467819,4584
129,lag_168_vs_lag_504,0.8404975498212482,4584
129,lag_336_vs_lag_504,0.8452683187918071,4584
130,lag_168_vs_lag_336,0.9094969796155872,4584
130,lag_168_vs_lag_504,0.9032581704637314,4584
130,lag_336_vs_lag_504,0.9040616011080582,4584
132,lag_168_vs_lag_336,0.848927190105126,4584
132,lag_168_vs_lag_504,0.8444829893561137,4584
132,lag_336_vs_lag_504,0.8510077172856186,4584
138,lag_168_vs_lag_336,0.8752666431860283,4584
138,lag_168_vs_lag_504,0.8678407890464198,4584
138,lag_336_vs_lag_504,0.8752992573477038,4584
141,lag_168_vs_lag_336,0.9126044751781204,4584
141,lag_168_vs_lag_504,0.8982942563267862,4584
141,lag_336_vs_lag_504,0.8986035531910007,4584
142,lag_168_vs_lag_336,0.8881790194197255,4584
142,lag_168_vs_lag_504,0.8799115088554997,4584
142,lag_336_vs_lag_504,0.8812884244151449,4584
144,lag_168_vs_lag_336,0.9358431173111004,4584
144,lag_168_vs_lag_504,0.9265708509900904,4584
144,lag_336_vs_lag_504,0.9283665973684332,4584
145,lag_168_vs_lag_336,0.8826635578238456,4584
145,lag_168_vs_lag_504,0.8541727886580477,4584
145,lag_336_vs_lag_504,0.8689221509447835,4584
148,lag_168_vs_lag_336,0.949086332421153,4584
148,lag_168_vs_lag_504,0.9365252971370226,4584
148,lag_336_vs_lag_504,0.934753042297328,4584
161,lag_168_vs_lag_336,0.934454820970004,4584
161,lag_168_vs_lag_504,0.9258716304435352,4584
161,lag_336_vs_lag_504,0.9285340074626603,4584
162,lag_168_vs_lag_336,0.9337915058100148,4584
162,lag_168_vs_lag_504,0.9263199594111308,4584
162,lag_336_vs_lag_504,0.922617963171122,4584
163,lag_168_vs_lag_336,0.9103621526304572,4584
163,lag_168_vs_lag_504,0.90506680874187,4584
163,lag_336_vs_lag_504,0.9053924333104632,4584
164,lag_168_vs_lag_336,0.8970644132944573,4584
164,lag_168_vs_lag_504,0.8843748821475095,4584
164,lag_336_vs_lag_504,0.8879440630452766,4584
168,lag_168_vs_lag_336,0.8958135614640211,4584
168,lag_168_vs_lag_504,0.87855411795136,4584
168,lag_336_vs_lag_504,0.8819184081142765,4584
170,lag_168_vs_lag_336,0.9230573708598228,4584
170,lag_168_vs_lag_504,0.9074458472879484,4584
170,lag_336_vs_lag_504,0.9095697497212292,4584
181,lag_168_vs_lag_336,0.8771043919291766,4584
181,lag_168_vs_lag_504,0.8716880989600605,4584
181,lag_336_vs_lag_504,0.86960970281986,4584
188,lag_168_vs_lag_336,0.9191753731714132,4584
188,lag_168_vs_lag_504,0.9047090811249212,4584
188,lag_336_vs_lag_504,0.9111114710771916,4584
216,lag_168_vs_lag_336,0.9224410869351016,4584
216,lag_168_vs_lag_504,0.9077207236130632,4584
216,lag_336_vs_lag_504,0.911278869416828,4584
225,lag_168_vs_lag_336,0.9216411177125602,4584
225,lag_168_vs_lag_504,0.900114413135709,4584
225,lag_336_vs_lag_504,0.902924823845808,4584
230,lag_168_vs_lag_336,0.9098344973752224,4584
230,lag_168_vs_lag_504,0.9046724611349152,4584
230,lag_336_vs_lag_504,0.9008577807301912,4584
231,lag_168_vs_lag_336,0.9166215088997234,4584
231,lag_168_vs_lag_504,0.8942465032468689,4584
231,lag_336_vs_lag_504,0.9004848621491949,4584
234,lag_168_vs_lag_336,0.9333190523188865,4584
234,lag_168_vs_lag_504,0.9171561797023552,4584
234,lag_336_vs_lag_504,0.9200441969682832,4584
236,lag_168_vs_lag_336,0.911532962182913,4584
236,lag_168_vs_lag_504,0.8877475523567728,4584
236,lag_336_vs_lag_504,0.89856410988398,4584
237,lag_168_vs_lag_336,0.9104767907528416,4584
237,lag_168_vs_lag_504,0.8862308126338656,4584
237,lag_336_vs_lag_504,0.8979532139274332,4584
244,lag_168_vs_lag_336,0.9075577681855418,4584
244,lag_168_vs_lag_504,0.8927224824686509,4584
244,lag_336_vs_lag_504,0.8927459308664898,4584
246,lag_168_vs_lag_336,0.8782407511949051,4584
246,lag_168_vs_lag_504,0.8687915960247129,4584
246,lag_336_vs_lag_504,0.85053238933737,4584
249,lag_168_vs_lag_336,0.9288913365310992,4584
249,lag_168_vs_lag_504,0.925013481973514,4584
249,lag_336_vs_lag_504,0.9218428540665758,4584
255,lag_168_vs_lag_336,0.9387566088296078,4584
255,lag_168_vs_lag_504,0.9251897714781828,4584
255,lag_336_vs_lag_504,0.9258190278471744,4584
256,lag_168_vs_lag_336,0.9260716768732636,4584
256,lag_168_vs_lag_504,0.9041243729251496,4584
256,lag_336_vs_lag_504,0.9074726352140194,4584
